Uni-Gram Phrase,Frequency Count
phone,270
screen,221
features,212
android,199
htc,193
camera,170
smartphone,170
display,166
mobile,165
touch,164
time,160
voice,146
video,143
3g,140
quality,137
iphone,132
email,130
droid,129
digital,119
offers,115
call,114
blackberry,114
support,112
google,112
browser,112
bluetooth,109
interface,107
gps,101
battery,101
device,100
keyboard,99
talk,98
design,98
bit,94
app,93
music,90
audio,88
player,87
windows,86
seconds,85
menu,84
service,84
messaging,84
apps,83
system,82
home,81
feature,80
motorola,80
back,79
good,78
cliq,77
web,77
memory,76
flash,76
type,73
hero,72
access,72
text,72
multimedia,70
data,69
speakerphone,68
find,68
maps,68
navigation,67
tmobile,67
card,64
performance,64
button,63
headset,63
resolution,63
wifi,63
power,62
full,61
technology,60
experience,60
calls,59
contacts,59
search,58
hours,58
phones,57
view,57
inches,55
standard,55
pre,55
verizon,55
color,54
gsm,54
messages,53
network,53
including,53
capabilities,53
side,52
options,51
number,50
volume,50
pro2,50
calendar,50
sprint,50
addition,49
page,49
end,49
att,49
store,49
tests,48
user,48
3gs,48
rim,48
media,48
bottom,48
size,47
microsd,47
videos,47
nexus,47
palm,47
services,47
usb,46
photos,46
jack,45
general,45
mode,45
make,43
20,42
omnia,42
keys,42
phone's,42
recorder,41
applications,41
devices,41
list,41
operating,41
playback,41
wireless,41
facebook,41
youtube,40
nice,40
adapter,40
work,40
2,40
information,40
sensor,40
clear,40
os,40
dialing,40
long,40
mp3,39
contact,39
easy,39
1900,39
picture,39
buttons,39
controls,38
cell,38
headphones,38
storm,38
sites,38
feel,38
control,37
zoom,37
ii,37
background,37
problems,37
give,37
change,37
aac,37
top,36
microsoft,36
slot,35
download,35
incredible,35
processor,35
photo,35
supports,35
speed,35
megapixels,34
hd2,34
part,34
world,34
additional,34
faster,34
market,34
internal,34
version,33
standby,33
samsung,33
press,33
colors,33
eris,33
loaded,33
included,33
cable,33
software,33
bold,33
internet,33
smartphones,33
sense,32
backflip,32
verizon's,32
conference,32
left,32
hand,32
apple,32
accounts,32
open,31
multiple,31
include,31
stereo,31
legend,31
directions,31
review,31
bad,31
offer,30
updates,30
files,30
makes,30
key,30
tour,30
xt,30
builtin,30
cdma,30
supported,30
couple,30
30,30
message,30
settings,29
ion,29
noise,29
previous,29
add,29
lithium,29
similar,29
yahoo,29
found,29
wide,29
landscape,29
5,29
business,29
edge,28
main,28
pretty,28
65,28
accessories,28
900,28
check,28
brings,28
850,28
set,28
accelerometer,28
port,27
exchange,27
umts,27
tested,27
small,27
21,27
friends,27
radio,27
pages,27
1,27
tap,27
start,26
35mm,26
images,26
handset,26
model,26
sounded,26
switch,26
mytouch,26
made,26
times,26
expo,26
basic,26
great,26
calculator,25
site,25
plenty,25
days,25
white,25
clips,25
1800,25
ieee,25
motoblur,25
headphone,25
rated,25
tilt2,25
personal,25
focus,25
capability,25
caller,25
id,24
ounces,24
onscreen,24
calling,24
navigator,24
cnet's,24
automatically,24
product,24
includes,24
cellular,24
clock,24
quadband,24
nokia,24
added,24
easier,24
free,24
bar,24
users,23
inch,23
tall,23
32,23
improvements,23
extra,23
word,23
responsive,23
book,23
place,23
problem,23
sound,23
depth,23
san,23
light,23
pixels,23
nuron,23
play,23
wma,23
route,22
physical,22
results,22
update,22
connector,22
select,22
coverage,22
syncing,22
finger,22
capacitive,22
portrait,22
tmobile's,22
pop3,22
management,22
francisco,22
lg,22
pictures,22
enhancements,22
quickly,21
outlook,21
9700,21
image,21
callers,21
band,21
mail,21
twitter,21
option,21
wcdma,21
line,21
evdo,21
located,21
account,21
rich,21
trackball,21
decent,21
800,21
integrated,21
gmail,21
works,21
read,21
qwerty,21
file,21
specifications,20
live,20
lets,20
manufacturer,20
mentioned,20
wav,20
ships,20
widgets,20
touchscreen,20
box,20
move,20
adds,20
shows,20
point,19
editing,19
expansion,19
active,19
sharp,19
hearing,19
slightly,19
mpeg4,19
networking,19
sync,19
provided,19
ringtones,19
takes,19
orientation,19
thick,19
stylus,19
480,19
preloaded,19
smooth,19
location,19
10,19
widget,19
formats,19
slight,19
short,18
automatic,18
microusb,18
quick,18
highlights,18
accurate,18
inbox,18
icon,18
speeds,18
smartphone's,18
running,18
provide,18
wmv,18
finally,18
excellent,18
rocker,18
upgrade,18
social,18
typing,18
menus,18
provider,18
numbers,18
simply,18
min,18
balance,18
copy,18
people,18
application,18
multitouch,18
fact,18
big,17
drain,17
life,17
screens,17
15,17
address,17
weight,17
handsfree,17
att's,17
width,17
rating,17
logitech,17
contract,17
cards,17
impressed,17
connections,17
traveller,17
rates,17
emails,17
tools,17
ovi,17
things,17
bring,17
s9,17
browsing,17
completely,17
packet,17
3d,17
amr,17
fine,17
shortcut,17
international,17
adjustment,17
communicator,17
position,17
swype,17
notes,17
hsdpa,17
alarm,17
ram,17
addons,17
lot,17
35,17
weather,17
difference,17
5megapixel,17
addresses,17
enhanced,16
documents,16
songs,16
day,16
compatible,16
prefer,16
proximity,16
height,16
occasionally,16
looked,16
large,16
edition,16
content,16
minutes,16
lag,16
minute,16
hold,16
single,16
song,16
lock,16
customers,16
reference,16
solid,16
simple,16
ac,16
easily,16
testing,16
limited,16
twoyear,16
high,16
roaming,15
standards,15
itunes,15
navigate,15
rev,15
favorite,15
handy,15
polyphonic,15
receiver,15
80211b,15
espn's,15
scrolling,15
period,15
lcd,15
radiation,15
manager,15
sar,15
onboard,15
remains,15
predecessor,15
bright,15
gallery,15
job,15
fcc,15
issues,15
fairly,15
50,15
process,15
kilogram,15
recording,15
unlocked,15
sim,15
dedicated,15
news,14
7,14
fast,14
paste,14
dial,14
tasks,14
lists,14
conversation,14
material,14
slider,14
cover,14
lite,14
h264,14
share,14
connection,14
choose,14
making,14
customizable,14
lacks,14
push,14
compared,14
shots,14
loud,14
turn,14
sprint's,14
htc's,14
noticed,14
hear,14
area,14
viewing,14
signal,14
improved,14
connect,14
album,14
diagonal,14
midi,14
gorgeous,14
transfer,14
show,14
date,13
6,13
longer,13
aware,13
starting,13
office,13
launch,13
save,13
cliq's,13
offering,13
16gb,13
distortion,13
storage,13
instant,13
oz,13
realtime,13
played,13
carrier,13
send,13
voiceguided,13
room,13
customize,13
opening,13
visual,13
ringer,13
candy,13
group,13
carrier's,13
messenger,13
icons,13
major,13
entry,13
iphone's,13
smart,13
updated,13
12,13
downloaded,13
tv,13
2010,13
corporate,13
folders,12
attractive,12
feedback,12
plan,12
ring,12
status,12
shutter,12
shortcuts,12
80211g,12
continues,12
imap4,12
test,12
dialer,12
panels,12
turnbyturn,12
entertainment,12
map,12
pairing,12
timer,12
task,12
unlike,12
24,12
environments,12
multitasking,12
1x,12
letter,12
custom,12
forward,12
capacity,12
price,12
functions,12
note,12
command,12
excel,12
cut,12
flickr,12
sluggish,12
york,12
announced,12
fortunately,12
feels,12
tft,12
revamped,12
enjoyed,11
directly,11
ways,11
smoother,11
switching,11
competition,11
requires,11
rotate,11
resolutions,11
+,11
means,11
speaker,11
effects,11
understand,11
organizer,11
cast,11
travel,11
missed,11
handful,11
edr,11
class,11
antenna,11
section,11
equipped,11
functionality,11
create,11
appointments,11
powerpoint,11
smaller,11
fm,11
called,11
spacious,11
led,11
default,11
original,11
games,11
g1,11
usual,11
bose,11
real,11
capture,11
opera,11
brightness,11
row,11
powerful,11
mah,11
largely,11
tapping,11
watts,11
charger,11
06,11
displays,11
spot,11
company,11
deal,10
scene,10
11,10
viewer,10
2000,10
higher,10
swipe,10
tracks,10
h263,10
thing,10
packages,10
amazon,10
choice,10
32gb,10
record,10
cnet,10
delivers,10
trackpad,10
528mhz,10
shuffle,10
wvga,10
close,10
body,10
speaking,10
worked,10
pull,10
ipod,10
reported,10
costs,10
runs,10
streaming,10
heard,10
suite,10
handset's,10
bigger,10
html,10
dropped,10
love,10
month,10
continuous,10
case,10
512mb,10
items,10
hard,10
voices,10
aid,10
pressing,10
gprs,10
impressive,10
repeat,10
onear,10
vibrant,10
corner,9
rom,9
compact,9
going,9
explorer,9
traffic,9
load,9
edit,9
measures,9
face,9
touchflo,9
native,9
waiting,9
upload,9
order,9
function,9
layout,9
mailin,9
3,9
terms,9
2gb,9
23,9
mm,9
boasts,9
expect,9
surface,9
mute,9
slide,9
front,9
pc,9
link,9
mms,9
16,9
minimal,9
promises,9
million,9
commands,9
downlink,9
wired,9
webos,9
miscellaneous,9
5230,9
imap,9
mixed,9
issue,9
8,9
calender,9
attachment,9
microsoft's,9
amoled,9
source,9
tone,9
felt,9
shared,9
dualmode,9
cnn,9
remove,9
extras,9
black,9
curve,9
moto,9
true,9
blurry,9
rebate,9
double,9
professional,9
global,9
range,9
department,9
door,9
shot,9
ringtone,9
activate,9
space,9
server,9
details,9
46,9
areas,8
$100,8
virtual,8
purchase,8
versions,8
flat,8
sms,8
clunky,8
recommend,8
1ghz,8
alternatively,8
evolution,8
dualband,8
buffer,8
easytouse,8
spine,8
kits,8
reliable,8
benefits,8
aforementioned,8
telenav,8
improves,8
3gs',8
downloads,8
edges,8
9,8
complaints,8
additions,8
finish,8
scroll,8
droid's,8
vibrating,8
360,8
sits,8
delays,8
compass,8
headsets,8
delivered,8
rest,8
autofocus,8
setup,8
resistive,8
frustrating,8
speakers,8
streamlined,8
specific,8
surepress,8
numerous,8
delete,8
unchanged,8
touchwiz,8
eaac+,8
advantage,8
hero's,8
tinny,8
tunes,8
snapdragon,8
qualcomm,8
modes,8
earlier,8
watch,8
pdf,8
depending,8
vz,8
notice,8
average,8
optimized,8
hardware,8
movies,8
online,8
tabs,8
synchronization,8
convenient,8
clip,8
miniphone,8
future,8
mind,8
lens,8
reminder,8
aim,8
customization,8
larger,8
wait,8
glance,8
familiar,8
alert,8
amount,8
playlist,8
told,8
charge,8
individual,8
thankfully,8
2009,8
remote,7
block,7
2100mhz,7
person,7
setting,7
center,7
networks,7
purposes,7
worthy,7
cool,7
steps,7
fastest,7
release,7
airport,7
enjoy,7
sign,7
pad,7
recent,7
sleeker,7
webkit,7
footprints,7
offered,7
44,7
nuron's,7
tabbed,7
countries,7
require,7
method,7
complete,7
category,7
say,7
external,7
minor,7
released,7
direct,7
airline's,7
names,7
street,7
response,7
classic,7
adjust,7
come,7
catalog,7
creation,7
march,7
past,7
core,7
quicker,7
continue,7
pocket,7
softtouch,7
item,7
comfortable,7
summer,7
lack,7
entire,7
appears,7
1500mah,7
accessing,7
title,7
myspace,7
320,7
geotag,7
hd2's,7
display's,7
quickoffice,7
weighs,7
game,7
consumers,7
frame,7
256mb,7
effect,7
words,7
capable,7
unique,7
camcorder,7
track,7
mp4,7
current,7
contrast,7
final,7
worth,7
reception,7
32megapixel,7
car,7
handle,7
hot,7
playing,7
14,7
wider,7
seamless,7
separate,7
cnn's,7
clarity,7
bands,7
automated,7
north,7
tomtom,7
working,7
construction,7
scenes,7
swiping,7
promised,7
slow,7
clients,7
stiff,7
leap,7
intuitive,7
events,7
drag,7
shares,6
groups,6
displayed,6
ces,6
improvement,6
synchronized,6
variety,6
biggest,6
richsounding,6
happen,6
brighter,6
interference,6
55,6
picasa,6
company's,6
half,6
surprised,6
tethering,6
downside,6
upcoming,6
straight,6
report,6
browse,6
hvga,6
evolutiondata,6
ability,6
cramped,6
entering,6
format,6
moment,6
assign,6
lineup,6
artist,6
carriers,6
bridge,6
bulky,6
motion,6
backup,6
5800,6
run,6
plug,6
states,6
doubletap,6
latest,6
coming,6
one's,6
$19999,6
strong,6
puts,6
notable,6
pinchtozoom,6
agps,6
shape,6
swift,6
reason,6
protocols,6
pair,6
traditional,6
conversations,6
45,6
safari,6
61,6
alternative,6
businesses,6
choices,6
gesture,6
overwhelming,6
optical,6
letters,6
transition,6
profiles,6
haptic,6
places,6
accurately,6
adding,6
synergy,6
models,6
mono,6
drop,6
glad,6
convenience,6
been,6
43,6
enterprise,6
dual,6
mb,6
dragging,6
disappointing,6
keyboards,6
cd,6
admittedly,6
enter,6
pay,6
instructions,6
geotagging,6
slideshow,6
unified,6
square,6
trip,6
tones,6
toggle,6
05,6
matter,6
im,6
9630,6
package,6
sluggishness,6
remember,6
delay,6
surprisingly,6
inside,6
connected,6
officially,6
always,6
handsets,6
3gp,6
hope,6
satisfying,6
synced,6
natural,6
history,6
manage,6
performed,6
checked,6
paired,6
conditions,6
dialup,6
upper,6
noticeable,6
profile,6
unit,6
accept,6
acceptable,6
zone,5
trim,5
complaint,5
year,5
dock,5
mispresses,5
texttospeech,5
delivery,5
n97,5
dull,5
chin,5
attention,5
upgraded,5
no,5
washed,5
overseas,5
input,5
2100,5
static,5
mass,5
annoying,5
february,5
accessible,5
pro2's,5
buy,5
speak,5
relevant,5
notepad,5
diagonally,5
cases,5
adobe,5
movie,5
compose,5
cost,5
handles,5
learn,5
birthday,5
gate,5
head,5
treble,5
friend,5
louder,5
entries,5
spotlight,5
encountered,5
stream,5
satellite,5
37,5
see,5
ui,5
heavy,5
owners,5
activation,5
vary,5
based,5
satisfactory,5
switcher,5
happy,5
meeting,5
worldroaming,5
slacker,5
occasional,5
missing,5
pre's,5
writing,5
beta,5
gaming,5
fuzzy,5
required,5
contact's,5
31,5
expandable,5
albums,5
1900mhz,5
grid,5
airplane,5
reader,5
receive,5
premium,5
benefit,5
switched,5
started,5
barely,5
63,5
difficult,5
marketplace,5
plans,5
offerings,5
graphics,5
sports,5
mistakes,5
united,5
subscription,5
peep,5
depend,5
highest,5
holds,5
thought,5
saved,5
level,5
pristine,5
remaining,5
mechanism,5
couldn't,5
2g,5
bass,5
acclimation,5
cents,5
pinching,5
theme,5
these,5
throws,5
thumbnail,5
highlight,5
notifications,5
art,5
normal,5
crashes,5
pleased,5
credit,5
trouble,5
owa,5
differences,5
feeds,5
pause,5
series,5
tour's,5
288mb,5
huge,5
helps,5
disappointed,5
expected,5
camera's,5
posted,5
programs,5
sunlight,5
dialpad,5
pants,5
m3,5
thirdparty,5
4,5
successfully,5
touchsensitive,5
replaces,5
paid,5
unlimited,5
categories,5
admit,5
plasticky,5
bookmarks,5
shooting,5
second,5
productivity,5
crisp,5
millimeter,5
perfect,5
gb,5
today,5
sharpness,5
american,5
idea,5
deliver,5
prevent,5
iso,5
fewer,5
folder,5
hit,5
frames,5
realize,4
gray,4
created,4
blog,4
closely,4
symbols,4
supplement,4
pop,4
finished,4
scheduled,4
plugged,4
audible,4
visually,4
blue,4
those,4
36inch,4
packaged,4
driving,4
master,4
years,4
object,4
prompt,4
central,4
favorites,4
absolute,4
database,4
advertised,4
giving,4
solution,4
advantages,4
xt's,4
desired,4
bes,4
projector,4
presentations,4
msn,4
sensitive,4
varied,4
dark,4
exception,4
cables,4
panel,4
successor,4
videorecording,4
received,4
highlighted,4
sleek,4
hands,4
film,4
sharper,4
broadband,4
objects,4
links,4
watt,4
reading,4
june,4
expensive,4
feeling,4
catch,4
routes,4
233,4
exit,4
echoing,4
way,4
selecting,4
bing,4
tad,4
darker,4
backlighting,4
tab,4
combines,4
beautifully,4
durability,4
32inch,4
19,4
tool,4
colleagues,4
pin,4
flicker,4
instantmessaging,4
bringing,4
frequently,4
lasted,4
advanced,4
ran,4
points,4
deep,4
precision,4
extusb,4
demo,4
fully,4
slots,4
250,4
stand,4
plentiful,4
courtesy,4
unlock,4
covers,4
toolbar,4
opened,4
can't,4
262000,4
upside,4
carry,4
aac+,4
jerky,4
least,4
threaded,4
userfriendly,4
destination,4
low,4
asked,4
corners,4
systems,4
spacing,4
local,4
cumbersome,4
ease,4
invites,4
turns,4
featured,4
parts,4
kit,4
rows,4
accessory,4
meantime,4
rounded,4
manhattan,4
pixi,4
metallic,4
levels,4
tip,4
typical,4
backtrack,4
beautiful,4
perform,4
auto,4
nicely,4
locationbased,4
sold,4
ton,4
sd,4
usability,4
worry,4
thumbs,4
debut,4
inductive,4
related,4
reviews,4
result,4
speakerindependent,4
loading,4
generally,4
months,4
traveling,4
skeptical,4
monthly,4
machine,4
slick,4
stock,4
miniusb,4
fingers,4
playlists,4
transformers,4
lines,4
remain,4
developers,4
since,4
listening,4
action,4
ready,4
wallpaper,4
regular,4
important,4
macro,4
grainy,4
beat,4
types,4
textbased,4
8gb,4
wonder,4
compatibility,4
interruption,4
congress,4
43inch,4
window,4
taking,4
older,4
soft,4
absolutely,4
subsequent,4
beneath,4
golden,4
channels,4
silver,4
organize,4
22,4
you're,4
road,4
memo,4
eyes,4
glass,4
chrome,4
electronic,4
vga,4
wanted,4
lives,4
stocks,4
launching,4
heavier,4
fields,4
agenda,4
uma,4
genre,4
hazy,4
manually,4
available,4
chat,4
noted,4
ambient,4
attachments,4
similarly,4
exact,4
replacement,4
library,3
upgradeable,3
expo's,3
spots,3
remained,3
167,3
popular,3
providers,3
laptop,3
drive,3
spell,3
birthdays,3
exchanged,3
powered,3
hassle,3
calendars,3
listed,3
sizes,3
magnifying,3
official,3
navigating,3
whitebalance,3
sophisticated,3
handled,3
comfortably,3
tilt,3
crowded,3
amrnb,3
downtown,3
freeze,3
happenings,3
nifty,3
pushtotalk,3
password,3
extensive,3
story,3
again,3
exactly,3
luckily,3
busy,3
enhances,3
5gb,3
organization,3
domino,3
having,3
stabilization,3
unveiled,3
launched,3
watching,3
shipping,3
noisier,3
pocketable,3
integrate,3
selection,3
falls,3
enabled,3
october,3
animations,3
few,3
dimensions,3
moments,3
cheek,3
steady,3
admirable,3
wipe,3
adobe's,3
limitations,3
selling,3
bold's,3
bag,3
desire,3
speedy,3
sliding,3
gif,3
android's,3
recently,3
lighter,3
tech,3
rock,3
recalculations,3
inflight,3
dead,3
touching,3
jumped,3
headquarters,3
widely,3
pricing,3
vibrate,3
topnotch,3
november,3
480x800,3
city,3
arranged,3
tty,3
$999,3
avi,3
gadget,3
fell,3
476,3
36,3
fingerprint,3
reservations,3
distinguish,3
fits,3
searches,3
reminiscent,3
drmfree,3
offices,3
greatly,3
heck,3
wind,3
letting,3
lbs,3
refresh,3
desktop,3
integrating,3
props,3
ideal,3
hour,3
functional,3
le,3
match,3
everyday,3
stored,3
staple,3
charging,3
600mhz,3
just,3
zippy,3
brilliant,3
direction,3
air,3
640,3
initial,3
methods,3
rate,3
closed,3
affordable,3
versus,3
step,3
microphone,3
locked,3
plugin,3
instantly,3
quiet,3
blown,3
flow,3
lost,3
thumbnails,3
novell,3
demands,3
31inch,3
sides,3
consider,3
merge,3
break,3
pick,3
utility,3
limit,3
style,3
awesome,3
comment,3
corel,3
apple's,3
shorter,3
anniversary,3
groupwise,3
excited,3
indoor,3
visit,3
closer,3
snappy,3
nonetheless,3
installed,3
seen,3
strength,3
seem,3
voiceautomated,3
mobitv,3
joystick,3
8900,3
chart,3
buildings,3
moving,3
processing,3
register,3
unusual,3
personalization,3
tell,3
refined,3
detail,3
voiceactivated,3
rely,3
t3,3
videoediting,3
javascript,3
connecting,3
angles,3
attach,3
anything,3
do,3
highly,3
deck,3
showed,3
ibm,3
fullscreen,3
crazy,3
$299,3
domestically,3
off,3
accidental,3
wallpapers,3
return,3
television,3
primary,3
beauty,3
town,3
correct,3
hate,3
456,3
turnoff,3
term,3
honest,3
what,3
hiss,3
135,3
arrived,3
themes,3
nfl,3
instances,3
star,3
care,3
project,3
07,3
smoothly,3
aol,3
utilities,3
advance,3
amazing,3
finding,3
practice,3
draganddrop,3
opposite,3
serial,3
tricky,3
1400mah,3
behold,3
resembles,3
236,3
java,3
avoid,3
surprise,3
program,3
alt,3
ended,3
shoot,3
$199,3
codecs,3
individually,3
crippling,3
a2dp,3
legend's,3
tweaks,3
necessarily,3
sweet,3
designed,3
echo,3
channel,3
recorded,3
speedier,3
field,3
clean,3
mirrored,3
tactile,3
encounter,3
ear,3
common,3
accessibility,3
pinch,3
universal,3
gsma,3
sounds,3
27,3
kind,3
tracked,3
would,3
european,3
newer,3
weighing,3
25,3
dots,3
expanded,3
highperformance,3
16bit,3
hollow,3
highend,3
boost,3
2560,3
extended,3
changing,3
distance,3
preferred,3
distorted,3
strain,3
storing,3
8830,3
meet,3
mention,3
unread,3
wordperfect,3
300,3
jpeg,3
lower,3
mistake,3
movements,3
1500,3
previously,3
spontaneous,3
security,3
exciting,3
packed,3
noticeably,3
cancellation,3
efficient,3
genius,3
trips,3
msm7201a,3
upgrading,3
65000,3
balanced,3
conducted,3
used,3
daytoday,3
awkward,3
proplus,3
hiccups,3
robust,3
320x480,3
red,3
animated,3
48,3
47,3
lotus,3
discuss,3
$179,3
dataviz,3
holding,3
reviewed,3
estate,3
cameras,3
tags,3
exhibit,3
diamond2,3
picked,3
latitude,3
lifestyle,3
trace,2
cities,2
slip,2
42,2
061,2
175,2
straightforward,2
dimmed,2
qty,2
different,2
$2999,2
pressed,2
handheld,2
aiff,2
pulls,2
we've,2
description,2
detect,2
digging,2
happened,2
176,2
error,2
something,2
enhance,2
shut,2
rolling,2
lonely,2
orange,2
tweets,2
1700,2
afford,2
own,2
generous,2
downloading,2
40,2
325,2
very,2
composing,2
slower,2
msm7600,2
arrangement,2
saving,2
mug,2
froze,2
stop,2
068,2
shopping,2
occurred,2
panning,2
myfaves,2
437,2
volumes,2
downloadable,2
integration,2
imagine,2
troubling,2
dim,2
meltdowns,2
lastfm,2
computer,2
revisit,2
lagged,2
alerts,2
fiddle,2
wonderful,2
underneath,2
rather,2
basics,2
incorrect,2
comprehensive,2
allowed,2
dish,2
shifting,2
flipping,2
briefly,2
punctuation,2
combined,2
cube,2
predictive,2
keep,2
placing,2
outdoor,2
3megapixel,2
useful,2
help,2
configure,2
activesync,2
$30,2
already,2
grand,2
las,2
spare,2
rumors,2
actual,2
holder,2
pack,2
appreciate,2
fingerprints,2
immediately,2
tracking,2
really,2
bars,2
constantly,2
featurepacked,2
curious,2
gets,2
highquality,2
searching,2
pouch,2
tedious,2
accustomed,2
finer,2
flush,2
crop,2
click,2
atlas,2
traits,2
portable,2
mic,2
lighting,2
95,2
fullfeatured,2
new,2
rent,2
rollover,2
spontaneously,2
carries,2
poor,2
memorable,2
micro,2
respond,2
pixelation,2
firstgeneration,2
subtle,2
didn't,2
pass,2
said,2
familywhatever,2
$1099,2
who,2
figure,2
undo,2
connects,2
executive,2
4gb,2
smoky,2
filter,2
26,2
pcs,2
drove,2
angry,2
pressure,2
socks,2
communication,2
pronunciation,2
three,2
28,2
experienced,2
69,2
047,2
supposed,2
listened,2
rss,2
introduced,2
terribly,2
adjusts,2
250mb,2
1300mah,2
hissing,2
fare,2
lossless,2
arrive,2
distracting,2
slim,2
eris's,2
login,2
autocorrection,2
appeal,2
eligible,2
averaged,2
unibody,2
sale,2
comments,2
lackluster,2
spotty,2
document,2
mini,2
photobucket,2
sets,2
reports,2
availability,2
lulls,2
keypad,2
xhtml,2
precise,2
guide,2
confirmation,2
improving,2
doubt,2
participants,2
personalize,2
qcif,2
575,2
tricks,2
holster,2
best,2
3g's,2
350,2
siblings,2
8520,2
weeks,2
allowing,2
ogg,2
zip,2
family,2
confused,2
coupled,2
won't,2
concentrate,2
stabilizer,2
stable,2
240,2
moves,2
64,2
postal,2
stay,2
blow,2
compartment,2
listings,2
randomly,2
kick,2
focused,2
holiday,2
editor,2
armed,2
slimmer,2
245,2
improve,2
bull'seye,2
eliminates,2
research,2
04,2
235,2
special,2
tells,2
many,2
fit,2
dropdown,2
brush,2
they're,2
par,2
soon,2
you've,2
doing,2
$499,2
gears,2
bill,2
lightweight,2
snappier,2
situation,2
overtheair,2
purposefully,2
proved,2
8megapixel,2
thanks,2
four,2
480x360pixel,2
outdoors,2
controlled,2
take,2
600,2
459,2
smoothest,2
458,2
neat,2
littletono,2
dnse,2
allows,2
cursor,2
wellserved,2
docked,2
inherits,2
interested,2
wireless',2
fix,2
look,2
protection,2
developing,2
complaining,2
extends,2
18bit,2
grow,2
planet,2
switches,2
liked,2
ranging,2
bang,2
initiate,2
rearrange,2
ahead,2
pushing,2
recognize,2
backplate,2
happening,2
portal,2
retrieved,2
managed,2
tilt2's,2
quotes,2
backlit,2
incredibly,2
userreplaceable,2
platform,2
praised,2
country,2
smtp,2
initially,2
$3999,2
colorcoded,2
spelling,2
37inch,2
appeared,2
threeway,2
shoots,2
leave,2
classical,2
notification,2
1400,2
staples,2
impaired,2
squishy,2
luck,2
modem,2
recalculation,2
languages,2
course,2
smudges,2
illumination,2
instruction,2
boxes,2
roxio,2
arrives,2
began,2
output,2
rotated,2
redraw,2
replaced,2
sideload,2
fair,2
award,2
redeem,2
wash,2
leaps,2
cheap,2
wp7,2
purchases,2
textured,2
clicky,2
interactions,2
late,2
330,2
visible,2
445,2
tapered,2
mean,2
2d,2
removing,2
sales,2
painless,2
blazingly,2
strongest,2
grouped,2
greatest,2
measuring,2
midtown,2
weird,2
220,2
446,2
particularly,2
increased,2
attached,2
obvious,2
linear,2
miss,2
labs,2
bugs,2
$14999,2
starts,2
aspects,2
rivals,2
5800's,2
january,2
dramatic,2
preview,2
protocol,2
$17999,2
banking,2
rim's,2
urls,2
praises,2
pulldown,2
frequency,2
336,2
entertaining,2
raised,2
latch,2
protective,2
owner,2
guides,2
pure,2
build,2
52,2
53,2
professionals,2
vibrancy,2
titanium,2
2008,2
purple,2
css,2
surprising,2
thread,2
stopwatch,2
asia,2
buying,2
touches,2
overnight,2
products,2
locks,2
beast,2
lookup,2
success,2
longpress,2
far,2
skin,2
nextel,2
swype's,2
casing,2
import,2
hotmail,2
panes,2
zooming,2
18,2
delight,2
opens,2
56,2
springy,2
skip,2
vastly,2
ignore,2
painful,2
shift,2
stores,2
prices,2
116,2
april,2
57,2
simultaneously,2
rectangular,2
orientations,2
later,2
hotspot,2
struggled,2
after,2
graphicsheavy,2
85,2
growing,2
barnes,2
2x,2
144,2
yet,2
exposure,2
uniform,2
scanner,2
bearing,2
notorious,2
significant,2
serverbased,2
todo,2
suspect,2
pda,2
cds,2
pricey,2
presents,2
informed,2
locations,2
sidebyside,2
grab,2
plus,2
scenario,2
snap,2
wouldn't,2
conducting,2
honeycomb,2
meanwhile,2
certainly,2
ii's,2
$249,2
nike,2
frequent,2
spending,2
pleasantly,2
lose,2
avcrp,2
purpose,2
border,2
oakland,2
crowd,2
quibbles,2
backlight,2
35key,2
circling,2
fun,2
fee,2
creating,2
moderate,2
17,2
rear,2
person's,2
responsiveness,2
palm's,2
eventually,2
hollowness,2
higherend,2
versa,2
reboots,2
securely,2
800x480,2
deleting,2
community,2
prompts,2
postcards,2
interest,2
lg's,2
performs,2
question,2
slideout,2
integrates,2
skins,2
europe,2
pattern,2
mp3s,2
cup,2
activated,2
touchstone,2
cheapest,2
differently,2
satellites,2
squashed,2
plays,2
essentials,2
$9999,2
pdk,2
200,2
distinctive,2
equalizer,2
housed,2
reboot,2
203,2
removes,2
companies,2
stops,2
halfway,2
launches,2
meter,2
fans,2
nascar,2
statement,2
launcher,2
we'll,2
ground,2
hair,2
communications,2
9700's,2
interestingly,2
demonstrated,2
preference,2
plus's,2
samsung's,2
noisy,2
onetouch,2
inboxes,2
38,2
disappeared,2
39,2
next,2
quantity,2
virtually,2
socialnetworking,2
eris',2
angle,2
deployment,2
miracles,2
markets,2
yellow,2
example,2
480x320,2
overdue,2
teeter,2
ranges,2
sexy,2
helpful,2
providing,2
instance,2
rounding,2
money,2
developer,2
divx,2
activating,2
worried,2
roomy,2
surprises,2
saw,2
removed,2
hang,2
pane,2
tilting,2
elements,2
friends',2
handling,2
multidestination,2
fresh,2
keeping,2
selftimer,2
buzz,2
hbs250,2
tiny,2
triangulation,2
minimum,2
positive,2
still,2
leatherette,2
yielded,2
both,2
too,2
occasion,2
ample,2
prominent,2
plagued,2
interacts,2
omission,2
massive,2
noting,2
creator,2
marked,2
compare,2
shazam,2
mapping,2
amazed,2
same,2
vice,2
we're,2
combining,2
cdma2000,2
$5999,2
antishake,2
written,2
ridges,2
combine,2
engineering,2
24bit,2
doubletapping,2
flip,2
combination,2
displaying,2
duplicates,2
trailers,2
suggest,2
057,2
fall,2
doubled,2
earbuds,2
below,2
trailer,2
sensitivity,2
nothing,2
perhaps,2
adjusting,2
merges,2
may,2
careful,2
variable,2
members,2
firm,2
others,2
multitask,2
confirm,2
continuously,2
iphones,2
acquisition,2
3x,2
ebooks,2
enters,2
headlines,2
oneclick,2
aws,2
destinations,2
wish,2
dictionary,2
wall,2
wondering,2
impulse,2
walk,2
plate,2
transitioning,2
viable,2
bay,2
showing,2
web2go,2
turning,2
blazing,2
vegas,2
054,2
total,2
concerned,2
comparison,2
symbian,2
being,2
resolved,2
pecking,2
piping,2
podcast,2
refinements,2
checking,2
downward,2
night,2
another,2
yellowish,1
deactivate,1
windshield,1
separates,1
tomtom's,1
suppression,1
uncomfortable,1
controlfreak,1
sending,1
inclusion,1
identify,1
could,1
aroundthat's,1
simplifying,1
finds,1
wellbuilt,1
franciscobased,1
3001#12345#,1
fees,1
spectacular,1
continous,1
feet,1
eye,1
among,1
developed,1
powerlock,1
house,1
noises,1
flashier,1
transmitter,1
techsavvy,1
revolutionary,1
besides,1
shudder,1
runup,1
activision's,1
texture,1
tutorial,1
conveniently,1
kidding,1
boosts,1
prediction,1
their,1
lettersbut,1
brushed,1
radiobut,1
asymmetric,1
hype,1
haphazardly,1
urban,1
onthefly,1
dining,1
simplicity,1
hide,1
embrace,1
45056452,1
silencer,1
laps,1
walking,1
scrolled,1
freak,1
4380305,1
sweeping,1
65000color,1
oldfashioned,1
adapters,1
captured,1
sweetens,1
buffered,1
allsport,1
dimension,1
budgetconscious,1
syncs,1
accuracy,1
muffled,1
defined,1
30fps,1
begin,1
enthusiasts,1
sends,1
subscribe,1
wallet,1
processor's,1
menuare,1
textmessaging,1
export,1
gwen,1
rsvp'd,1
hung,1
departure,1
forwarding,1
activates,1
evolves,1
iconbased,1
rerouting,1
goodit,1
moment's,1
welcomed,1
openness,1
globetrotting,1
doubles,1
positively,1
phonehappy,1
solidly,1
jealous,1
laggy,1
hinder,1
noble,1
callingplan,1
juice,1
doubts,1
carryover,1
mount,1
usage,1
suggests,1
carefree,1
fool,1
west,1
clipboard,1
tickers,1
better,1
bunch,1
lately,1
promote,1
outlines,1
buck,1
entrylevel,1
definitely,1
listsome,1
directory,1
hybrid,1
stutters,1
finishing,1
booster,1
hitch,1
pulled,1
preloads,1
hitting,1
coincidentally,1
enable,1
autofill,1
target,1
targeted,1
640x360pixel,1
arrival,1
array,1
sunset,1
suit,1
scratched,1
dialog,1
fallen,1
stitch,1
nighttime,1
degrees,1
piece,1
assisted,1
spelled,1
diverse,1
undocked,1
restricted,1
aggregates,1
appearance,1
processorsimilar,1
pocketfriendly,1
announcement,1
performing,1
sacrifices,1
activationcapture,1
loudly,1
parental,1
boosted,1
treated,1
announcements,1
you'll,1
magnet,1
stainless,1
accidentally,1
resource,1
mpeg4avc,1
actionpacked,1
contents,1
path,1
promising,1
keyshome,1
pinpointed,1
endurance,1
texting,1
$5,1
district,1
anticipated,1
longitude,1
unclear,1
syncingthat,1
torch,1
fulfilled,1
length,1
map's,1
suretype,1
broadens,1
wizard,1
downfall,1
predicted,1
$9,1
traveled,1
rearfacing,1
alleviates,1
previewed,1
ramping,1
moreaccurate,1
designated,1
macromedia,1
topographic,1
haptics,1
voicerecording,1
crave,1
35millimeter,1
superphone,1
webware,1
dimly,1
adjective,1
car's,1
chair,1
triumph,1
hurt,1
halfvga,1
feat,1
socialmedia,1
about,1
maximizing,1
described,1
versatile,1
noisesome,1
photographed,1
makeover,1
searchand,1
notches,1
simplest,1
pixelated,1
develop,1
development,1
gave,1
synchronize,1
multitap,1
earns,1
skips,1
longterm,1
chose,1
applause,1
indicating,1
peertopeer,1
intervals,1
beginning,1
views,1
lots,1
reviewers,1
relocated,1
calibration,1
lights,1
2007,1
reallife,1
optional,1
outweigh,1
colorcodes,1
illfitting,1
taller,1
brightly,1
hspa,1
streams,1
darken,1
skype,1
guidance,1
produce,1
480x360,1
hinge,1
stopped,1
440x854,1
averageas,1
thumb,1
tag,1
frustrated,1
intensive,1
priced,1
clearly,1
hd2blktmb,1
protector,1
mingling,1
totally,1
graces,1
calculation,1
peculiar,1
nokia5230nuron,1
dance,1
stability,1
screensavers,1
broader,1
deadon,1
puzzling,1
moved,1
drab,1
taps,1
72mbps,1
summary,1
inactive,1
decision,1
consist,1
720x480,1
hesitation,1
drops,1
discrepancy,1
awaited,1
duplex,1
selected,1
14000,1
feedbacknot,1
facing,1
maximize,1
tinted,1
cuts,1
apparent,1
mileage,1
domestic,1
$44999,1
t9,1
restaurant,1
understanding,1
gripe,1
charcoal,1
metering,1
paragraph,1
ea's,1
physically,1
reveal,1
1351,1
goes,1
worlds,1
hopefully,1
500330,1
ultimately,1
need,1
varies,1
competitive,1
pedometer,1
320x480pixel,1
opportunities,1
drill,1
pebblelike,1
soundhond,1
designing,1
stellar,1
cnetbold9700blktmb,1
bother,1
indentify,1
mirror,1
rickety,1
freedom,1
inspection,1
4g,1
handsdown,1
minimizing,1
simplified,1
appssuch,1
smitten,1
guessed,1
gummy,1
trend,1
hotly,1
slowly,1
cnetexpoatt,1
chip,1
inheriting,1
merging,1
quickgps,1
reduction,1
g1's,1
03,1
624mhz,1
dry,1
realizes,1
01,1
complementing,1
locationbase,1
fingerprintresistant,1
pointed,1
early,1
curve's,1
733783559htmlmotorola,1
cats,1
wheel,1
cautious,1
magnify,1
deciding,1
t61,1
720x480pixel,1
frankly,1
storm's,1
registered,1
impact,1
lends,1
done,1
techy,1
delivering,1
incredible's,1
deplete,1
former,1
cons,1
actually,1
putting,1
renew,1
minimize,1
504,1
substantial,1
why,1
thinking,1
256000,1
communities,1
reduced,1
allegiance,1
480x800pixel,1
dreaded,1
500,1
pink,1
circular,1
environment,1
losing,1
refreshing,1
masses,1
725,1
demanded,1
locating,1
calculations,1
supplemented,1
gogo,1
character,1
drastic,1
notify,1
29,1
hint,1
lenovo,1
tcharging,1
bottomleft,1
basically,1
stimulation,1
manual,1
cold,1
720,1
mpeg,1
we'd,1
damage,1
holidays,1
qvga,1
everyone,1
efficiency,1
goods,1
sims,1
thinkpad,1
vm,1
stingy,1
satisfactorily,1
microsdhc,1
disruptions,1
av,1
bassheavy,1
subjective,1
forums,1
printing,1
supporting,1
recommendations,1
sprite,1
richness,1
aims,1
blasting,1
join,1
529,1
around,1
fluorescent,1
wishes,1
spectrum,1
525,1
ap,1
arrow,1
browsers,1
configured,1
smarter,1
blends,1
meant,1
bonus,1
extralarge,1
gentle,1
16we,1
matching,1
633,1
5th,1
username,1
circulating,1
fullfledged,1
approach,1
upgrades,1
abroad,1
variation,1
arrows,1
109,1
49,1
execs,1
108,1
hscsd,1
acknowledge,1
jump,1
hyperlink,1
favored,1
america,1
reestablish,1
106,1
lastminute,1
cruise,1
1xrtt,1
219,1
atear,1
experiences,1
stumbling,1
simulates,1
ever,1
105,1
wished,1
overhaul,1
cloudy,1
104,1
aka,1
unlink,1
carrierdependent,1
216,1
revenge,1
temperamental,1
attracting,1
further,1
undeniably,1
even,1
differentiators,1
244inch,1
mbps,1
bulkier,1
plot,1
purchasing,1
214,1
101,1
100,1
hundreds,1
stacks,1
fps,1
correctly,1
1420,1
addon,1
predict,1
droidspecific,1
movement,1
refrain,1
visuals,1
protruding,1
inserted,1
backflip's,1
commercial,1
detection,1
voiceentry,1
$599,1
timeconsuming,1
everything,1
counterpart,1
surpasses,1
legendsilv,1
god,1
unfortunate,1
state,1
onefinger,1
younger,1
co,1
reverse,1
blasted,1
companion,1
deleted,1
answer,1
detractions,1
semidead,1
scanning,1
releases,1
pairs,1
interrupt,1
forget,1
tunewiki,1
430,1
refresher,1
winter,1
calendarbut,1
permit,1
haven't,1
tim,1
programmed,1
refreshes,1
jawdropping,1
complement,1
begun,1
disruptive,1
identity,1
invest,1
midp,1
875,1
vcard,1
minimalist,1
touchfriendly,1
fears,1
concerns,1
managing,1
she,1
saddles,1
subject,1
preferable,1
brief,1
variant,1
125,1
partners,1
forthquite,1
decide,1
capped,1
headtohead,1
slowest,1
built,1
predecessor's,1
whether,1
schedule,1
decided,1
65536,1
cdquality,1
characteristic,1
60,1
router,1
designwise,1
457,1
newspapers,1
softer,1
lcds,1
hall,1
tips,1
incidentfree,1
deny,1
resorted,1
topoftheline,1
faults,1
edited,1
impression,1
doubleclicking,1
dependent,1
breaks,1
unable,1
out,1
signals,1
rigorous,1
isn't,1
firmly,1
454,1
engine,1
patience,1
eq,1
suspends,1
voiceguide,1
platinum,1
565,1
fanatics,1
request,1
inthttp,1
write,1
compliant,1
consuming,1
whopping,1
prime,1
consumer,1
compounded,1
confusing,1
450,1
competing,1
shake,1
$34999,1
businessoriented,1
popping,1
en,1
675,1
vzw,1
shelves,1
largest,1
sticking,1
bumps,1
periodno,1
bland,1
thinner,1
outstanding,1
beleaguered,1
invested,1
nearby,1
cluttering,1
founded,1
a8,1
rid,1
whiteandsilver,1
jonesing,1
89,1
usefully,1
149,1
registering,1
tether,1
nationwide,1
problematic,1
hits,1
imeem,1
prior,1
bejewled,1
helped,1
leg,1
compass',1
purists,1
fan,1
styli,1
heaphones,1
145,1
oleophobic,1
256,1
dimming,1
sentences,1
uneven,1
valuable,1
lee,1
wwdc,1
recognizable,1
personality,1
forces,1
ea,1
367,1
glare,1
141,1
stefani,1
81,1
exclusively,1
thicker,1
pim,1
committed,1
interaction,1
december,1
peace,1
exterior,1
devotee,1
usually,1
boxy,1
endlessly,1
chassis,1
eliminate,1
dove,1
stephenbut,1
blur,1
achieved,1
each,1
1420mah,1
tint,1
pole,1
pleasant,1
recognition,1
474,1
shaky,1
transitions,1
components,1
tear,1
emoticons,1
age,1
lithiumion,1
resulting,1
netherlands',1
apa6277kt,1
1700mhz,1
tradeoffs,1
recede,1
vox,1
rebuffering,1
moto's,1
go,1
thousands,1
welldesigned,1
$40,1
msm7200a,1
weak,1
protected,1
foolish,1
filtering,1
trial,1
bargain,1
pros,1
amazingly,1
luxury,1
colliding,1
texthighlighting,1
fly,1
bulkiness,1
boasted,1
aspect,1
unwieldy,1
either,1
relief,1
contractwill,1
pointsofinterest,1
motoroladroidverizonwireless,1
seems,1
amusingly,1
ammunition,1
slope,1
spoken,1
secure,1
bestequipped,1
entered,1
exceptionally,1
serve,1
generation,1
admirably,1
ago,1
fantastic,1
056,1
hiccup,1
ridge,1
ages,1
guitar,1
damper,1
gpsalong,1
exceptional,1
increments,1
introduction,1
052,1
correction,1
threeas,1
1320mah,1
$005,1
pro,1
051,1
lightning,1
eyecatching,1
surrounds,1
displaythe,1
275,1
they've,1
shoutcast,1
establish,1
fragile,1
little,1
learning,1
squished,1
that's,1
drawbacks,1
sizeable,1
socializers,1
fuzziness,1
assessment,1
boot,1
boos,1
timetable,1
385,1
cradle,1
270,1
inconsistencies,1
swivel,1
booo,1
sadly,1
serving,1
delve,1
client,1
minutewhile,1
thrown,1
incidents,1
cbs,1
verizonbound,1
lit,1
exchanges,1
spears,1
trick,1
suffers,1
devour,1
requested,1
nm,1
ensures,1
code,1
mark,1
trails,1
$200,1
079,1
zones,1
bluray,1
dash,1
threads,1
getgo,1
baitandswitch,1
lovechild,1
joins,1
proper,1
treat,1
assured,1
smallest,1
reducing,1
freeway,1
releasing,1
base,1
ending,1
chosen,1
flowlike,1
focusing,1
relatively,1
voicetotext,1
kept,1
currently,1
most,1
mobileme,1
under,1
typed,1
revolution,1
punk,1
audience,1
baffling,1
competitorsnamely,1
memories,1
adjustments,1
185,1
connectivity,1
realworld,1
revert,1
enthusiasm,1
circuit,1
mistakesfor,1
gimmicky,1
$700,1
should,1
righthand,1
picking,1
tinge,1
stature,1
village,1
airlinesnet,1
glows,1
simpler,1
displaya,1
consistent,1
128mb,1
constructed,1
notoriously,1
circles,1
sticks,1
successful,1
thin,1
belt,1
ideo,1
suggestion,1
penetrated,1
you'd,1
backing,1
fieldbut,1
follows,1
forecasts,1
satisfied,1
alien,1
pulling,1
duplicate,1
vivid,1
browers,1
similarities,1
washes,1
lengthsfrom,1
flashy,1
sturdy,1
foray,1
hiding,1
exiting,1
difficulty,1
subfolder,1
categorize,1
middle,1
deserves,1
incomplete,1
automotive,1
contingent,1
dive,1
intellectual,1
tends,1
dubbed,1
convention,1
building,1
pico,1
concentration,1
stuck,1
spinning,1
viewed,1
listwould,1
beyond,1
rewards,1
concert,1
gotv,1
url,1
lowlight,1
unexpectedly,1
staplesandroid,1
market's,1
s3c6410,1
revamp,1
rocking,1
layered,1
sholes,1
acquired,1
$500,1
mill,1
cosmetic,1
advised,1
dealbreakers,1
3gcapable,1
redid,1
underpowered,1
shorten,1
radically,1
firmer,1
layers,1
pnk,1
evidence,1
recharge,1
lucky,1
try,1
momentarilynot,1
15000,1
signed,1
fulfill,1
dragged,1
accommodate,1
masculine,1
vote,1
blueant,1
act,1
dominated,1
5800s',1
closeup,1
suspension,1
sars,1
indistinguishable,1
airlinersnet,1
$600,1
reliably,1
inexplicablyavailable,1
restricts,1
marks,1
swing,1
locking,1
srs,1
quite,1
magazines,1
logs,1
universe,1
gems,1
preferences,1
wideits,1
privilege,1
desk,1
consume,1
effort,1
102mb,1
aids,1
model's,1
withstand,1
now,1
$10,1
broad,1
suggested,1
coating,1
preliminary,1
crafty,1
undercover,1
panorama,1
outfitted,1
separately,1
staring,1
volumealmost,1
dangling,1
advises,1
firstgen,1
$4999,1
memos,1
groundbreaking,1
qualities,1
swingout,1
spokeswoman,1
1214mbps,1
scores,1
phonebook,1
liking,1
incarnation,1
xpressmusic,1
inertial,1
autologins,1
whatsoever,1
muted,1
caveats,1
relative,1
nudge,1
turnbyby,1
engrave,1
concept,1
scientific,1
understatement,1
lightningfast,1
necessary,1
412mhz,1
google's,1
libraries,1
integral,1
caveat,1
healthy,1
ou,1
rebuffer,1
terrain,1
suspend,1
likes,1
xpress,1
despite,1
robotic,1
screenswe,1
24inches,1
joining,1
vector,1
existing,1
insert,1
instructs,1
populate,1
yahoothe,1
shine,1
stylish,1
symbol,1
speedtestnet,1
touchstoneready,1
stamina,1
listand,1
season,1
editable,1
170,1
thankful,1
processorintensive,1
sibling,1
proves,1
distinct,1
twotoned,1
bandwidth,1
blockbuster's,1
importantly,1
representative,1
unlikemotoblur,1
dislike,1
cutoff,1
ok,1
30day,1
lol,1
populated,1
398,1
espn,1
shell,1
various,1
rightfeature,1
them,1
domed,1
calculated,1
showpiece,1
getting,1
preloading,1
addressed,1
roamingall,1
063,1
render,1
log,1
darkest,1
dig,1
landmarks,1
he,1
heartbreaking,1
dodgy,1
detailed,1
unlicensed,1
065,1
particular,1
bare,1
179,1
predicament,1
flawlessly,1
infinity,1
empty,1
upperleft,1
gamut,1
tvout,1
mepg4,1
appealing,1
cliqxtsiltmb,1
horizon,1
given,1
069,1
detectable,1
weakness,1
root,1
signature,1
blackberry's,1
complain,1
replace,1
hearts,1
awarded,1
value,1
dualled,1
cap,1
imaging,1
frustration,1
other,1
placement,1
reach,1
two,1
rounds,1
readers,1
dropping,1
titles,1
truly,1
mix,1
596,1
packs,1
utopian,1
lovers,1
rotating,1
satisfyingly,1
attract,1
formerlyand,1
back's,1
affect,1
bounds,1
255mb,1
gpsenabled,1
greeted,1
fingernail,1
how,1
threw,1
373,1
sender,1
dummy,1
crispsounding,1
edits,1
put,1
m4,1
flagged,1
speakerphones,1
situations,1
jazz,1
enjoyable,1
faded,1
competitor,1
489,1
frenemies,1
nicknames,1
150,1
backside,1
shaketoshuffle,1
264,1
92,1
constant,1
knob,1
stills,1
capturing,1
laurels,1
consumption,1
dumbing,1
reaches,1
153,1
pace,1
underwhelm,1
94,1
negatives,1
react,1
commute,1
retrieve,1
accurateit,1
155,1
aging,1
ends,1
smashing,1
misdials,1
043,1
down,1
dashboard,1
presets,1
wikipedia,1
sucks,1
pinpointing,1
html5,1
mixing,1
station,1
killer,1
clearer,1
blaring,1
trademark,1
unacceptable,1
045,1
mtv,1
1003,1
accuratemost,1
99,1
hoping,1
presenter,1
jammed,1
beats,1
richer,1
waited,1
continuing,1
$70,1
1300,1
alters,1
capitalize,1
048,1
yetthat,1
passerby's,1
criticism,1
focuses,1
shifted,1
palmpreplus,1
spacebar,1
slightest,1
private,1
july,1
roomiest,1
fashion,1
retrieval,1
194mb,1
menu's,1
event,1
interacting,1
understood,1
hooked,1
matte,1
surfing,1
astute,1
enhancing,1
gripes,1
watched,1
463,1
distinguishing,1
2megapixel,1
murky,1
352,1
certain,1
billing,1
untouched,1
svelte,1
hopes,1
doomed,1
jibe,1
consistently,1
presented,1
berated,1
354,1
swapped,1
warned,1
384mb,1
know,1
icq,1
winning,1
unobstructed,1
70,1
469,1
geotags,1
$99,1
unfamiliar,1
stick,1
sprintspecific,1
72,1
women,1
platforms,1
salebut,1
stands,1
us,1
spokesman,1
redraws,1
begrudge,1
transferred,1
train,1
condition,1
74,1
advertisements,1
itself,1
134,1
negative,1
trail,1
updating,1
glory,1
bookmark,1
136,1
1320,1
blackberrys,1
profitable,1
naked,1
creepy,1
137,1
gas,1
uk,1
amounts,1
musthave,1
realigning,1
hoped,1
charged,1
men,1
signon,1
random,1
nowadays,1
annual,1
keyboard's,1
jetcet,1
661,1
rugged,1
quickaccess,1
riddled,1
crackling,1
atbody,1
mb200,1
sties,1
garner,1
drains,1
five,1
refurbished,1
q2,1
slate,1
q1,1
player's,1
choppy,1
imagequality,1
cheaper,1
sampling,1
memoryheavy,1
requirements,1
met,1
charm,1
you3g,1
planned,1
sent,1
1125,1
satisfy,1
554,1
recognizing,1
shines,1
4030272,1
441,1
answering,1
unnoticeable,1
needed,1
earned,1
singletap,1
exemplifies,1
paltry,1
reflect,1
hues,1
ppct7380sp,1
coveted,1
roughly,1
rapidly,1
returning,1
opposed,1
callthen,1
commercials,1
sizable,1
1230,1
loves,1
every,1
rare,1
sit,1
cortex,1
lags,1
whole,1
calculate,1
annette,1
$6999,1
determine,1
webkitbased,1
noble's,1
quit,1
accented,1
retail,1
pain,1
bans,1
iphone3gs32gbblkatt,1
quirky,1
222,1
bothered,1
harsh,1
instantmessage,1
soontobereleased,1
vcast,1
instantaneously,1
ita,1
inpage,1
departments,1
dealbreaker,1
449,1
directional,1
named,1
operates,1
knocked,1
$099,1
creates,1
six,1
ergonomic,1
players,1
112,1
completing,1
manages,1
will,1
navigational,1
mostly,1
richest,1
feature's,1
curtailed,1
shooter,1
properly,1
cleaning,1
ranted,1
228,1
115,1
jealousy,1
matched,1
shrink,1
covered,1
hum,1
haziness,1
cureall,1
sporting,1
achieve,1
offline,1
explore,1
else,1
reasonable,1
rumor,1
demand,1
fixes,1
catches,1
blinking,1
doubletwist,1
readable,1
goodsize,1
alphabetical,1
operated,1
gift,1
70mb,1
119,1
8000,1
comparisons,1
59,1
aluminum,1
compelling,1
goodies,1
colleague's,1
attraction,1
mufflingso,1
quickest,1
prefers,1
spouse's,1
blockbuster,1
requiring,1
awayit,1
starters,1
foreseeable,1
steel,1
wander,1
cmos,1
wellbalanced,1
179mb,1
fixed,1
reviewscnetcom,1
reap,1
flick,1
0919,1
lanyard,1
book's,1
complimentary,1
contributing,1
filled,1
talking,1
blocks,1
widewe,1
reigns,1
speaks,1
420,1
ball,1
nextgen,1
comparable,1
smoothness,1
percentage,1
translate,1
wellintegrated,1
scheme,1
sometimes,1
marina,1
laid,1
workplace,1
identical,1
rebooted,1
webos's,1
423,1
kicks,1
luxurious,1
activators,1
plectrum,1
536,1
muchneeded,1
nbc,1
stack,1
storm2vzw,1
1275,1
425,1
worldcard,1
frenzied,1
sitting,1
regardless,1
intermittently,1
astounded,1
condensed,1
joined,1
trek,1
confirmed,1
mac,1
please,1
nicole,1
bulk,1
piercing,1
adequate,1
imagio,1
mediocre,1
315,1
dicey,1
429,1
swirled,1
sometime,1
prone,1
satisfactorya,1
tuner,1
utterly,1
organizational,1
carrying,1
950,1
selfportrait,1
stronger,1
springlike,1
partial,1
don't,1
crashed,1
classy,1
blemish,1
zoomed,1
contacts',1
busiest,1
sea,1
pinkish,1
neither,1
15gb,1
retaking,1
enables,1
audiovideo,1
rebranded,1
win,1
dislabled,1
leading,1
remarkable,1
controlling,1
208,1
unsure,1
throw,1
evo,1
n,1
siemens,1
clocks,1
kinds,1
ereader,1
essentially,1
alliance,1
plugs,1
breaker,1
compete,1
blurriness,1
secondsquite,1
wholly,1
a640x480pixel,1
functionalities,1
bursting,1
films,1
tweaked,1
recommending,1
essential,1
brightest,1
sufficiently,1
tuned,1
due,1
sort,1
billed,1
looking,1
surely,1
went,1
postcard,1
formatmeaning,1
accommodates,1
buffs,1
blew,1
nokia's,1
shoes,1
prejudice,1
510,1
motoblur's,1
afresh,1
embraces,1
differentiate,1
varying,1
625,1
longawaited,1
maneuvering,1
forever,1
lockeddown,1
servicesgoogle,1
testingbut,1
geeks,1
beefed,1
wowcom,1
magnetic,1
expression,1
discover,1
landed,1
1230mah,1
elegantly,1
definition,1
pink's,1
highresolution,1
calljust,1
phone$529,1
max,1
specifically,1
unannounced,1
pixel,1
budget,1
fluid,1
durable,1
structure,1
stolen,1
trivial,1
turned,1
pre'sand,1
saves,1
mechanical,1
endnice,1
0442mbps,1
vitals,1
refuse,1
9000,1
garbled,1
entrance,1
supply,1
interact,1
qcp,1
evolving,1
lasts,1
caused,1
recipient,1
gesturesfor,1
lofty,1
s60,1
hiphop,1
800mhz,1
snapshots,1
stimulating,1
itembut,1
commented,1
attacking,1
elusive,1
pushed,1
slew,1
easiertouse,1
once,1
ears,1
chiming,1
hinges,1
$535+,1
round,1
quieter,1
13,1
unwatchable,1
inperson,1
silent,1
stayed,1
editors',1
footprint,1
boosting,1
inconveniences,1
device's,1
figureeight,1
persistent,1
hampered,1
tunnel,1
earn,1
holdup,1
knock,1
graininess,1
want,1
legitimately,1
font,1
ones,1
rumored,1
0867,1
coordinates,1
e911,1
podcasts,1
discovery,1
winmo,1
yearn,1
exposed,1
technically,1
utilize,1
grown,1
specs,1
demanding,1
forthall,1
promise,1
billie,1
forthcoming,1
alltouchscreen,1
sclass,1
expanding,1
less,1
readily,1
restrictions,1
spin,1
nonslippery,1
viewfinder,1
purchased,1
algorithm,1
tower,1
demonstrates,1
cnettouchpro2,1
goggles,1
forgive,1
intelligent,1
pulltab,1
limiting,1
perfectly,1
camp,1
tucked,1
efforts,1
uturn,1
fond,1
provides,1
laws,1
controlsa,1
neglected,1
typically,1
attendees,1
900mhz,1
interesting,1
magazine,1
forte,1
dear,1
produced,1
maybe,1
metal,1
mexico,1
wings,1
dayuse,1
3gpp2,1
acts,1
turboscroll,1
insides,1
renderings,1
vertical,1
indoors,1
userspecified,1
haranguing,1
benchmark,1
minimally,1
wifienabled,1
occasions,1
slowed,1
becoming,1
90degree,1
skirted,1
presses,1
bests,1
sift,1
probably,1
backgrounds,1
touchscreenonly,1
rental,1
brand,1
specified,1
innards,1
pasting,1
mpeg4sp,1
oled,1
$29999,1
overall,1
responsible,1
handiwork,1
corrected,1
cnetlink,1
cliqbut,1
comedy,1
table,1
identically,1
2011,1
macs,1
depression,1
bugginess,1
somewhat,1
decibels,1
newest,1
sad,1
wmv9,1
asia's,1
225mb,1
plagues,1
last,1
revamping,1
supporta,1
chore,1
sighted,1
ondemand,1
dismiss,1
motion's,1
allotted,1
deem,1
greatlooking,1
pinpoints,1
twist,1
wars,1
homescreen,1
stashed,1
keyboardless,1
tray,1
popularity,1
warmth,1
brought,1
sepia,1
warn,1
spells,1
crawl,1
kindle,1
motionless,1
disservice,1
softness,1
hurts,1
interior,1
wikimobile,1
wrench,1
800x480pixel,1
v50,1
fancy,1
selfexplanatory,1
digg,1
843163048263,1
polished,1
grabber,1
pride,1
counterparts,1
predecessors,1
3gwe,1
loveitorhateit,1
britney,1
ports,1
reset,1
sessions,1
voicemail,1
judge,1
canada,1
omissions,1
audiobooks,1
magnificent,1
annoyances,1
paving,1
fence,1
depends,1
complained,1
confidence,1
